[
    { "ageRange": "18-24", "gender": "male", "bmiMin": 19, "bmiMax": 24 },
    { "ageRange": "25-34", "gender": "male", "bmiMin": 20, "bmiMax": 25 },
    { "ageRange": "35-44", "gender": "male", "bmiMin": 21, "bmiMax": 26 },
    { "ageRange": "45-54", "gender": "male", "bmiMin": 22, "bmiMax": 27 },
    { "ageRange": "55-64", "gender": "male", "bmiMin": 23, "bmiMax": 28 },
    { "ageRange": "65+",    "gender": "male", "bmiMin": 24, "bmiMax": 29 },
  
    { "ageRange": "18-24", "gender": "female", "bmiMin": 18, "bmiMax": 22 },
    { "ageRange": "25-34", "gender": "female", "bmiMin": 19, "bmiMax": 23 },
    { "ageRange": "35-44", "gender": "female", "bmiMin": 20, "bmiMax": 24 },
    { "ageRange": "45-54", "gender": "female", "bmiMin": 21, "bmiMax": 25 },
    { "ageRange": "55-64", "gender": "female", "bmiMin": 22, "bmiMax": 26 },
    { "ageRange": "65+",    "gender": "female", "bmiMin": 23, "bmiMax": 27 }
  ]
  