[
    {
      "goal": "Muscle Gain",
      "target": "2500-2800 kcal/day",
      "breakfast": 600,
      "lunch": 900,
      "dinner": 800
    },
    {
      "goal": "Fat Loss",
      "target": "1600-1900 kcal/day",
      "breakfast": 400,
      "lunch": 600,
      "dinner": 500
    },
    {
      "goal": "Maintenance",
      "target": "2000-2200 kcal/day",
      "breakfast": 500,
      "lunch": 700,
      "dinner": 600
    },
    {
      "goal": "Sedentary Lifestyle",
      "target": "1500-1700 kcal/day",
      "breakfast": 350,
      "lunch": 550,
      "dinner": 450
    },
    {
      "goal": "Athlete (High Intensity)",
      "target": "2800-3500 kcal/day",
      "breakfast": 700,
      "lunch": 1100,
      "dinner": 1000
    },
    {
      "goal": "Teenage Growth",
      "target": "2300-2600 kcal/day",
      "breakfast": 550,
      "lunch": 850,
      "dinner": 700
    },
    {
      "goal": "Elderly Maintenance",
      "target": "1700-2000 kcal/day",
      "breakfast": 400,
      "lunch": 650,
      "dinner": 550
    }
  ]
  