[
    {
      "name": "Squat",
      "points": ["Back straight", "Knees behind toes", "Heels grounded"],
      "cautions": ["Avoid knee injuries", "Warm up first"],
      "effects": "Strengthens quads and glutes.",
      "thumbnail": "/assets/squat.jpg",
      "video": "/videos/squat.mp4"
    },
    {
      "name": "Push-up",
      "points": ["Straight body line", "Elbows at 90°", "Control descent"],
      "cautions": ["Avoid collapsed hips", "Modify if wrist pain"],
      "effects": "Builds upper body strength.",
      "thumbnail": "/assets/pushup.jpg",
      "video": "/videos/Push.mp4"
    },
    {
      "name": "Plank",
      "points": ["Tight core", "Flat back", "Aligned hips"],
      "cautions": ["Don't hold breath", "Stop if back pain"],
      "effects": "Improves core stability.",
      "thumbnail": "/assets/plank.jpg",
      "video": "/videos/Plank.mp4"
    },
    {
      "name": "Lunge",
      "points": ["Front knee at 90°", "Keep torso upright", "Step long enough"],
      "cautions": ["Avoid knee wobbling", "Hold chair if needed"],
      "effects": "Trains balance and lower body.",
      "thumbnail": "/assets/lunge.jpg",
      "video": "/videos/Lunge.mp4"
    },
    {
      "name": "Jumping Jack",
      "points": ["Jump light", "Full arm circle", "Land softly"],
      "cautions": ["Avoid if ankle/knee issues", "Wear proper shoes"],
      "effects": "Boosts cardio and coordination.",
      "thumbnail": "/assets/jumpingjack.jpg",
      "video": "/videos/Jumping.mp4"
    },
    {
      "name": "Burpee",
      "points": ["Explode upward", "Chest to ground", "Fluid transition"],
      "cautions": ["Don't rush", "Avoid low back strain"],
      "effects": "Full-body cardio and strength.",
      "thumbnail": "/assets/burpee.jpg",
      "video": "/videos/Burpee.mp4"
    },
    {
      "name": "Mountain Climber",
      "points": ["Fast knee drive", "Core tight", "Flat back"],
      "cautions": ["Avoid hips bouncing", "Brace abs"],
      "effects": "Targets abs and endurance.",
      "thumbnail": "/assets/mountainclimber.jpg",
      "video": "/videos/Mountain.mp4"
    },
    {
      "name": "Crunch",
      "points": ["Lift shoulder blades", "Chin off chest", "Exhale on lift"],
      "cautions": ["Don't pull neck", "Controlled motion"],
      "effects": "Isolates upper abs.",
      "thumbnail": "/assets/crunch.jpg",
      "video": "/videos/Crunch.mp4"
    },
    {
      "name": "High Knees",
      "points": ["Lift knees high", "Fast pace", "Pump arms"],
      "cautions": ["Avoid heel striking", "Use soft surface"],
      "effects": "Cardio and hip flexor strength.",
      "thumbnail": "/assets/highknees.jpg",
      "video": "/videos/High.mp4"
    },
    {
      "name": "Bicycle Crunch",
      "points": ["Elbow to opposite knee", "Slow and controlled", "Full extension"],
      "cautions": ["No jerking motion", "Avoid neck tension"],
      "effects": "Targets obliques and core.",
      "thumbnail": "/assets/bicycle.jpg",
      "video": "/videos/Bicycle.mp4"
    }
  ]
  