[
    {
      "name": "egg",
      "unit": "per piece",
      "calories": 68
    },
    {
      "name": "apple",
      "unit": "per 100g",
      "calories": 110
    },
    {
      "name": "banana",
      "unit": "per 100g",
      "calories": 89
    },
    {
      "name": "orange",
      "unit": "per 100g",
      "calories": 47
    },
    {
      "name": "grape",
      "unit": "per 100g",
      "calories": 69
    },
    {
      "name": "watermelon",
      "unit": "per slice",
      "calories": 86
    },
    {
      "name": "rice",
      "unit": "per 100g",
      "calories": 130
    },
    {
      "name": "bread",
      "unit": "per slice",
      "calories": 79
    },
    {
      "name": "milk",
      "unit": "per 100ml",
      "calories": 42
    },
    {
      "name": "cheese",
      "unit": "per 100g",
      "calories": 402
    },
    {
      "name": "yogurt",
      "unit": "per 100g",
      "calories": 59
    },
    {
      "name": "chicken breast",
      "unit": "per 100g",
      "calories": 165
    },
    {
      "name": "pork",
      "unit": "per 100g",
      "calories": 242
    },
    {
      "name": "beef",
      "unit": "per 100g",
      "calories": 250
    },
    {
      "name": "salmon",
      "unit": "per 100g",
      "calories": 208
    },
    {
      "name": "fried chicken",
      "unit": "per 500g",
      "calories": 725
    },
    {
      "name": "hamburger",
      "unit": "per piece",
      "calories": 295
    },
    {
      "name": "pizza",
      "unit": "per slice",
      "calories": 266
    },
    {
      "name": "french fries",
      "unit": "per 100g",
      "calories": 312
    },
    {
      "name": "instant noodles",
      "unit": "per pack",
      "calories": 380
    },
    {
      "name": "tofu",
      "unit": "per 100g",
      "calories": 76
    },
    {
      "name": "carrot",
      "unit": "per 100g",
      "calories": 41
    },
    {
      "name": "broccoli",
      "unit": "per 100g",
      "calories": 34
    },
    {
      "name": "cucumber",
      "unit": "per 100g",
      "calories": 16
    },
    {
      "name": "tomato",
      "unit": "per 100g",
      "calories": 18
    },
    {
      "name": "corn",
      "unit": "per 100g",
      "calories": 96
    },
    {
      "name": "potato",
      "unit": "per 100g",
      "calories": 77
    },
    {
      "name": "sweet potato",
      "unit": "per 100g",
      "calories": 86
    },
    {
      "name": "eggplant",
      "unit": "per 100g",
      "calories": 25
    },
    {
      "name": "lettuce",
      "unit": "per 100g",
      "calories": 15
    },
    {
      "name": "avocado",
      "unit": "per 100g",
      "calories": 160
    },
    {
      "name": "peanut butter",
      "unit": "per tablespoon",
      "calories": 94
    },
    {
      "name": "jam",
      "unit": "per tablespoon",
      "calories": 56
    },
    {
      "name": "butter",
      "unit": "per tablespoon",
      "calories": 102
    },
    {
      "name": "ice cream",
      "unit": "per 100g",
      "calories": 207
    },
    {
      "name": "chocolate",
      "unit": "per 100g",
      "calories": 546
    },
    {
      "name": "cake",
      "unit": "per slice",
      "calories": 235
    },
    {
      "name": "cookies",
      "unit": "per piece",
      "calories": 78
    },
    {
      "name": "doughnut",
      "unit": "per piece",
      "calories": 195
    },
    {
      "name": "soda",
      "unit": "per 330ml can",
      "calories": 139
    },
    {
      "name": "beer",
      "unit": "per 330ml bottle",
      "calories": 153
    },
    {
      "name": "wine",
      "unit": "per 150ml glass",
      "calories": 125
    },
    {
      "name": "coffee (black)",
      "unit": "per cup",
      "calories": 2
    },
    {
      "name": "latte",
      "unit": "per cup",
      "calories": 135
    },
    {
      "name": "green tea",
      "unit": "per cup",
      "calories": 2
    },
    {
      "name": "smoothie",
      "unit": "per 300ml",
      "calories": 150
    },
    {
      "name": "protein shake",
      "unit": "per serving",
      "calories": 200
    },
    {
      "name": "granola bar",
      "unit": "per piece",
      "calories": 120
    },
    {
      "name": "oatmeal",
      "unit": "per bowl",
      "calories": 150
    },
    {
      "name": "pancake",
      "unit": "per piece",
      "calories": 86
    },
    {
      "name": "scrambled eggs",
      "unit": "per 2 eggs",
      "calories": 182
    },
    {
      "name": "food50",
      "unit": "per 100g",
      "calories": 150
    },
    {
      "name": "food51",
      "unit": "per 100g",
      "calories": 151
    },
    {
      "name": "food52",
      "unit": "per 100g",
      "calories": 152
    },
    {
      "name": "food53",
      "unit": "per 100g",
      "calories": 153
    },
    {
      "name": "food54",
      "unit": "per 100g",
      "calories": 154
    },
    {
      "name": "food55",
      "unit": "per 100g",
      "calories": 155
    },
    {
      "name": "food56",
      "unit": "per 100g",
      "calories": 156
    },
    {
      "name": "food57",
      "unit": "per 100g",
      "calories": 157
    },
    {
      "name": "food58",
      "unit": "per 100g",
      "calories": 158
    },
    {
      "name": "food59",
      "unit": "per 100g",
      "calories": 159
    },
    {
      "name": "food60",
      "unit": "per 100g",
      "calories": 160
    },
    {
      "name": "food61",
      "unit": "per 100g",
      "calories": 161
    },
    {
      "name": "food62",
      "unit": "per 100g",
      "calories": 162
    },
    {
      "name": "food63",
      "unit": "per 100g",
      "calories": 163
    },
    {
      "name": "food64",
      "unit": "per 100g",
      "calories": 164
    },
    {
      "name": "food65",
      "unit": "per 100g",
      "calories": 165
    },
    {
      "name": "food66",
      "unit": "per 100g",
      "calories": 166
    },
    {
      "name": "food67",
      "unit": "per 100g",
      "calories": 167
    },
    {
      "name": "food68",
      "unit": "per 100g",
      "calories": 168
    },
    {
      "name": "food69",
      "unit": "per 100g",
      "calories": 169
    },
    {
      "name": "food70",
      "unit": "per 100g",
      "calories": 170
    },
    {
      "name": "food71",
      "unit": "per 100g",
      "calories": 171
    },
    {
      "name": "food72",
      "unit": "per 100g",
      "calories": 172
    },
    {
      "name": "food73",
      "unit": "per 100g",
      "calories": 173
    },
    {
      "name": "food74",
      "unit": "per 100g",
      "calories": 174
    },
    {
      "name": "food75",
      "unit": "per 100g",
      "calories": 175
    },
    {
      "name": "food76",
      "unit": "per 100g",
      "calories": 176
    },
    {
      "name": "food77",
      "unit": "per 100g",
      "calories": 177
    },
    {
      "name": "food78",
      "unit": "per 100g",
      "calories": 178
    },
    {
      "name": "food79",
      "unit": "per 100g",
      "calories": 179
    },
    {
      "name": "food80",
      "unit": "per 100g",
      "calories": 180
    },
    {
      "name": "food81",
      "unit": "per 100g",
      "calories": 181
    },
    {
      "name": "food82",
      "unit": "per 100g",
      "calories": 182
    },
    {
      "name": "food83",
      "unit": "per 100g",
      "calories": 183
    },
    {
      "name": "food84",
      "unit": "per 100g",
      "calories": 184
    },
    {
      "name": "food85",
      "unit": "per 100g",
      "calories": 185
    },
    {
      "name": "food86",
      "unit": "per 100g",
      "calories": 186
    },
    {
      "name": "food87",
      "unit": "per 100g",
      "calories": 187
    },
    {
      "name": "food88",
      "unit": "per 100g",
      "calories": 188
    },
    {
      "name": "food89",
      "unit": "per 100g",
      "calories": 189
    },
    {
      "name": "food90",
      "unit": "per 100g",
      "calories": 190
    },
    {
      "name": "food91",
      "unit": "per 100g",
      "calories": 191
    },
    {
      "name": "food92",
      "unit": "per 100g",
      "calories": 192
    },
    {
      "name": "food93",
      "unit": "per 100g",
      "calories": 193
    },
    {
      "name": "food94",
      "unit": "per 100g",
      "calories": 194
    },
    {
      "name": "food95",
      "unit": "per 100g",
      "calories": 195
    },
    {
      "name": "food96",
      "unit": "per 100g",
      "calories": 196
    },
    {
      "name": "food97",
      "unit": "per 100g",
      "calories": 197
    },
    {
      "name": "food98",
      "unit": "per 100g",
      "calories": 198
    },
    {
      "name": "food99",
      "unit": "per 100g",
      "calories": 199
    },
    {
      "name": "food100",
      "unit": "per 100g",
      "calories": 200
    }
  ]